<?xml version="1.0" encoding="UTF-8"?>
    <addon id="repository.manjisoft" name="manjisoft" version="0.1.0" provider-name="Manjisoft.com">
        <requires>
            <import addon="xbmc.addon" version="12.0.0"/>
        </requires>
        <extension point="xbmc.addon.repository" name="manjisoft">
            <info compressed="false">https://raw.githubusercontent.com/Manjisoft/master/_repo/addons.xml</info>
            <checksum>https://raw.githubusercontent.com/Manjisoft/master/_repo/addons.xml.md5</checksum>
            <datadir zip="true">https://raw.githubusercontent.com/Manjisoft/master/_repo/</datadir>
            <hashes>false</hashes>
        </extension>
        <extension point="xbmc.addon.metadata">
            <summary>Repositorio privado</summary>
            <description>Mis addons mas usados.[CR] Manjisoft 2017.</description>
            <platform>all</platform>
    </extension>
</addon>